122.141.74.114,3128
92.46.122.98,3128
218.106.205.145,8080
43.226.162.110,8080
159.8.114.37,8080
121.22.252.248,8000
121.22.252.248,8080
82.102.162.163,80
186.170.31.134,8080
43.226.162.110,80
43.226.162.107,8000
121.22.252.241,8000
43.226.162.107,8080
121.22.252.248,80
43.226.162.110,8000
121.22.252.241,8080
121.22.252.241,80
110.78.188.133,8080
92.222.92.242,8080
1.179.201.18,3128
110.136.242.225,80
190.52.39.238,80
1.179.183.27,3128
128.199.197.248,8080
149.202.60.72,60000
210.254.22.13,8080
113.53.255.242,3128
139.59.195.32,8080
188.166.222.101,8080
128.199.140.147,8888
91.121.57.6,3128
46.37.193.74,3128
189.111.183.125,3128
176.9.192.146,8080
113.53.230.199,3128
77.120.102.84,3128
193.150.125.238,8080
123.57.133.83,25
187.106.104.50,3128
128.199.100.198,8080
128.199.108.167,8080
188.166.222.252,8080
188.166.190.144,8080
188.166.188.219,8080
128.199.171.32,3128
114.134.4.134,8080
210.96.153.20,3128
128.199.221.254,8080
114.31.85.126,3128
139.59.195.252,8080
179.212.243.58,3128
128.199.232.39,8080
187.115.4.145,3128
104.236.96.137,3128
200.153.145.109,3128
8.26.61.69,8080
60.11.8.34,3128
178.62.47.11,80
188.166.178.103,8080
188.166.184.105,8080
188.166.188.3,8080
131.72.171.190,3128
188.166.188.212,8080
103.253.146.197,8080
181.143.229.122,3128
190.144.114.122,3128
204.45.183.210,8080
128.199.124.10,8080
128.199.108.172,8080
200.153.145.109,80
115.231.16.138,8080
110.77.141.82,3128
212.191.32.83,8080
139.59.194.3,8080
92.222.92.242,8080
136.243.214.242,3128
8.26.61.71,8080
186.27.126.130,80
222.185.229.56,80
36.75.251.233,80
128.199.127.59,8080
188.166.212.235,8080
139.59.225.92,8080
128.199.88.105,8080
123.63.242.115,3128
181.211.253.14,8080
149.202.60.72,8080
93.79.133.235,3128
176.9.192.146,3128
58.247.125.205,10200
101.64.239.138,8080
190.202.116.101,3128
139.162.35.244,8080
218.75.10.171,3128
201.90.120.194,3128
200.123.138.229,8080
128.199.94.183,8080
128.199.143.53,8080
131.0.170.110,8080
49.213.16.167,8080
188.166.188.11,8080
128.199.170.45,8080
188.166.178.59,8080
188.166.178.67,8080
188.166.188.18,8080
128.199.176.180,8080
188.166.178.104,8080
128.199.108.197,8080
49.213.16.101,8080
128.199.143.132,8080
128.199.189.90,3128
128.199.238.57,3128
188.166.211.241,8080
139.59.194.3,3128
188.166.184.158,8080
188.166.184.163,8080
139.59.195.252,3128
128.199.225.142,8080
188.166.230.62,8080
188.166.231.182,8080
139.59.225.92,3128
139.59.234.213,8080
188.166.237.140,8080
58.27.217.75,80
139.59.226.223,8080
186.177.17.131,8080
128.199.205.169,8080
186.232.31.60,3128
149.202.237.248,3128
94.23.71.182,3128
5.135.114.133,3128
125.16.240.197,8080
198.50.215.224,3128
198.50.142.47,3128
8.26.61.70,8080
185.46.10.13,8888
178.62.238.17,3128
217.106.65.253,3128
46.37.193.74,8080
58.247.125.205,80
49.213.16.167,8080
92.222.92.242,8080
41.71.112.22,3128
128.199.197.248,8080
36.75.251.233,80
49.213.16.101,8080
188.166.222.252,8080
200.153.145.109,80
122.141.74.114,3128
186.170.31.134,8080
188.166.184.105,8080
128.199.238.57,3128
188.166.212.235,8080
204.45.183.210,8080
186.27.126.130,80
92.46.122.98,3128
210.254.22.13,8080
113.53.255.242,3128
190.144.114.122,3128
188.166.188.11,8080
188.166.178.103,8080
188.166.178.59,8080
188.166.188.3,8080
139.59.195.252,3128
188.166.231.182,8080
139.59.234.213,8080
128.199.205.169,8080
91.121.57.6,3128
176.9.192.146,3128
139.59.225.92,3128
200.153.145.109,3128
139.59.195.252,8080
187.106.104.50,3128
193.150.125.238,8080
121.22.252.241,8000
128.199.124.10,8080
128.199.108.197,8080
139.59.194.3,8080
188.166.230.62,8080
113.53.230.199,3128
1.179.183.27,3128
181.211.253.14,8080
128.199.221.254,8080
58.247.125.205,10200
128.199.176.180,8080
128.199.108.172,8080
188.166.211.241,8080
188.166.188.212,8080
60.11.8.35,3128
188.166.188.18,8080
128.199.189.90,3128
131.72.171.190,3128
92.222.92.242,8080
185.46.10.13,8888
178.62.238.17,3128
61.136.80.67,3128
128.199.140.147,8888
94.23.71.182,3128
104.236.96.137,3128
176.9.192.146,8080
121.22.252.248,8080
8.26.61.69,8080
149.202.237.248,3128
110.136.242.225,80
8.26.61.71,8080
43.226.162.110,8000
58.247.125.205,80
217.106.65.253,3128
110.78.188.133,8080
43.226.162.107,80
43.226.162.110,80
188.166.178.104,8080
128.199.100.198,8080
128.199.225.142,8080
139.59.226.223,8080
186.232.31.60,3128
128.199.170.45,8080
128.199.143.132,8080
139.59.225.92,8080
131.0.170.110,8080
190.52.39.238,80
8.26.61.70,8080
5.135.114.133,3128
121.22.252.248,80
77.120.102.84,3128
139.162.35.244,8080
114.134.4.134,8080
122.154.146.218,3128
103.253.146.197,8080
188.166.237.140,8080
121.22.252.248,8000
210.96.153.20,3128
110.77.141.82,3128
190.202.116.101,3128
128.199.232.39,8080
128.199.94.183,8080
128.199.143.53,8080
187.115.4.145,3128
188.166.178.67,8080
188.166.190.144,8080
128.199.127.59,8080
188.166.188.219,8080
128.199.171.32,3128
139.59.194.3,3128
188.166.184.158,8080
188.166.184.163,8080
179.212.243.58,3128
128.199.108.167,8080
128.199.88.105,8080
201.90.120.194,3128
60.11.8.34,3128
60.11.10.173,3128
46.245.59.58,80
58.27.217.75,80
125.16.240.197,8080
198.50.215.224,3128
198.50.142.47,3128
82.102.162.163,80
123.63.242.115,3128
186.177.17.131,8080
159.8.114.37,3128
159.8.114.37,8080
178.62.47.11,80
212.191.32.83,8080
136.243.214.242,3128
46.37.193.74,8080
46.37.193.74,3128
93.79.133.235,3128
43.226.162.107,8080
121.22.252.241,8080
43.226.162.107,8000
121.22.252.241,80
46.37.193.74,3128
128.199.100.198,8080
188.166.222.252,8080
